﻿<?xml version="1.0" encoding="UTF-8"?>
<addon id="repository.addonmaptest" name="Addon map test repo" provider-name="Glenn Guy" version="1.0.1">
   <extension point="xbmc.addon.repository" name="Aussie Add-ons Development Repository 1.0.1">
      <info compressed="false">https://github.com/glennguy/repo-devel/raw/addon-map-test/addons.xml</info>
      <checksum>https://github.com/glennguy/repo-devel/raw/addon-map-test/addons.xml.md5</checksum>
      <datadir zip="true">https://github.com/glennguy/repo-devel/raw/addon-map-test/</datadir>
   </extension>
   <extension point="xbmc.addon.metadata">
      <summary>Test addon map</summary>
      <description>Test addon map</description>
      <platform>all</platform>
   </extension>
</addon>
